model number,threshold,average_over,dilationn_size,all_bands,precission,recall,f-measure
1,0.6,1,1,FALSE,0.873107682,0.94237227,0.906418677
2,0.5,4,4,FALSE,0.934778658,0.811408352,0.868735371
3,0.6,8,5,FALSE,0.97553109,0.708931509,0.821133967
4,0.7,6,5,FALSE,0.987778707,0.612043903,0.755788712
6,0.5,2,2,FALSE,0.991706398,0.557841834,0.714034329
7,0.7,7,6,FALSE,0.991706398,0.557841834,0.714034329
8,1,2,4,FALSE,0.964613409,0.69421469,0.80737576
9,0.9,1,8,FALSE,0.927710243,0.839331996,0.88131101
10,0.7,7,8,FALSE,0.957050563,0.711117622,0.815955521
11,0.9,2,7,FALSE,0.963707611,0.720538189,0.824568643
12,0.4,3,2,FALSE,0.836182364,0.960221766,0.893919684
13,0.5,6,6,FALSE,0.890011096,0.885758716,0.887879815
14,0.4,7,6,FALSE,0.978742408,0.617407766,0.757175827
15,0.2,5,6,FALSE,0.901189154,0.877893219,0.889388664
16,0.8,7,4,FALSE,0.849943829,0.954857903,0.899351511
0,0.4,1,5,TRUE,0.978207049,0.676770864,0.800037299
1,0.6,1,1,TRUE,0.963715575,0.697955872,0.809583562
2,0.5,4,4,TRUE,0.970444459,0.680061301,0.799708474
3,0.6,8,5,TRUE,0.932274781,0.823060107,0.874269846
4,0.7,6,5,TRUE,0.876310912,0.905816862,0.890819629
5,1,7,3,TRUE,0.924395493,0.822812197,0.8706508
6,0.5,2,2,TRUE,0.911357408,0.84690451,0.877949629
8,1,2,4,TRUE,0.991374375,0.585404882,0.736127643
9,0.9,1,8,TRUE,0.924395493,0.822812197,0.8706508
10,0.7,7,8,TRUE,0.978742408,0.617407766,0.757175827
11,0.9,2,7,TRUE,0.960174561,0.748754817,0.841386821
12,0.4,3,2,TRUE,0.890021898,0.906831038,0.898347846
13,0.5,6,6,TRUE,0.973708855,0.632688017,0.767000902
14,0.4,7,6,TRUE,0.964613409,0.69421469,0.80737576
18,0.1,7,8,TRUE,0.987169871,0.563566293,0.717511693
19,0.1,4,5,TRUE,0.934778658,0.811408352,0.868735371
X,0.2,4,2,FALSE,0.873107682,0.94237227,0.906418677